"Name", "Stmts", "Miss", "Cover"
"scarajectory/__init__.py", "9", "0", "100%"
"scarajectory/core/__init__.py", "9", "0", "100%"
"scarajectory/core/model/__init__.py", "9", "0", "100%"
"scarajectory/core/model/jog/__init__.py", "9", "0", "100%"
"scarajectory/core/model/jog/jog_axis.py", "16", "0", "100%"
"scarajectory/core/model/jog/jog_command.py", "18", "0", "100%"
"scarajectory/core/model/jog/jog_direction.py", "14", "0", "100%"
"scarajectory/core/model/preferences/__init__.py", "9", "0", "100%"
"scarajectory/core/model/preferences/connection_preference.py", "14", "0", "100%"
"scarajectory/core/model/protocol/__init__.py", "9", "0", "100%"
"scarajectory/core/model/protocol/protocol_mode.py", "14", "0", "100%"
"scarajectory/core/model/protocol/scara_response.py", "16", "0", "100%"
"scarajectory/core/model/state/__init__.py", "9", "0", "100%"
"scarajectory/core/model/state/stream_session.py", "19", "0", "100%"
"scarajectory/core/model/state/stream_state.py", "17", "0", "100%"
"scarajectory/core/model/streaming/__init__.py", "9", "0", "100%"
"scarajectory/core/model/streaming/stream_config.py", "18", "0", "100%"
"scarajectory/core/model/streaming/stream_pacing_config.py", "15", "0", "100%"
"scarajectory/core/model/telemetry/__init__.py", "9", "0", "100%"
"scarajectory/core/model/telemetry/diagnostics_bundle.py", "29", "0", "100%"
"scarajectory/core/model/telemetry/diagnostics_snapshot.py", "29", "0", "100%"
"scarajectory/core/model/telemetry/fault_event.py", "15", "0", "100%"
"scarajectory/core/model/telemetry/move_event.py", "14", "0", "100%"
"scarajectory/core/model/telemetry/scara_status.py", "19", "0", "100%"
"scarajectory/core/model/telemetry/stream_progress.py", "22", "0", "100%"
"scarajectory/core/model/telemetry/stream_summary.py", "18", "0", "100%"
"scarajectory/core/model/trajectory/waypoint.py", "19", "0", "100%"
"scarajectory/core/service/__init__.py", "9", "0", "100%"
"scarajectory/core/service/barrier/__init__.py", "9", "0", "100%"
"scarajectory/core/service/barrier/iflow_barrier.py", "16", "0", "100%"
"scarajectory/core/service/barrier/iflow_barrier_coordinator.py", "16", "0", "100%"
"scarajectory/core/service/classifier/__init__.py", "9", "0", "100%"
"scarajectory/core/service/classifier/iflow_status_classifier.py", "15", "0", "100%"
"scarajectory/core/service/classifier/ihoming_status_classifier.py", "14", "0", "100%"
"scarajectory/core/service/classifier/imotion_status_classifier.py", "16", "0", "100%"
"scarajectory/core/service/classifier/iresponse_parser.py", "16", "0", "100%"
"scarajectory/core/service/connection/__init__.py", "9", "0", "100%"
"scarajectory/core/service/connection/ichannel_dispatcher.py", "22", "0", "100%"
"scarajectory/core/service/connection/iconnection.py", "16", "0", "100%"
"scarajectory/core/service/connection/iraw_channel.py", "15", "0", "100%"
"scarajectory/core/service/connection/istream_connection.py", "14", "0", "100%"
"scarajectory/core/service/engine.py", "38", "0", "100%"
"scarajectory/core/service/event/__init__.py", "9", "0", "100%"
"scarajectory/core/service/event/ibinary_frame_dispatcher.py", "15", "0", "100%"
"scarajectory/core/service/event/ibinary_frame_handler.py", "13", "0", "100%"
"scarajectory/core/service/iservice.py", "19", "0", "100%"
"scarajectory/core/service/kinematics/__init__.py", "9", "0", "100%"
"scarajectory/core/service/kinematics/iscara_deadzone_calculator.py", "14", "0", "100%"
"scarajectory/core/service/kinematics/scara_deadzone_calculator.py", "16", "0", "100%"
"scarajectory/core/service/kinematics/scara_deadzone_calculator_factory.py", "17", "0", "100%"
"scarajectory/core/service/manipulator/__init__.py", "9", "0", "100%"
"scarajectory/core/service/manipulator/ijog_controller.py", "14", "0", "100%"
"scarajectory/core/service/manipulator/imotion_controller.py", "16", "0", "100%"
"scarajectory/core/service/manipulator/iquery_controller.py", "14", "0", "100%"
"scarajectory/core/service/pacing/__init__.py", "9", "0", "100%"
"scarajectory/core/service/pacing/iflow_pacing_controller.py", "18", "0", "100%"
"scarajectory/core/service/packet/__init__.py", "9", "0", "100%"
"scarajectory/core/service/packet/ipacket_strategy.py", "14", "0", "100%"
"scarajectory/core/service/preferences/__init__.py", "9", "0", "100%"
"scarajectory/core/service/preferences/connection_preference_factory.py", "23", "0", "100%"
"scarajectory/core/service/preferences/iconnection_repository.py", "16", "0", "100%"
"scarajectory/core/service/service_factory.py", "21", "1", "95%"
"scarajectory/core/service/settings/__init__.py", "9", "0", "100%"
"scarajectory/core/service/settings/iscara_bounds_loader.py", "16", "0", "100%"
"scarajectory/core/service/settings/iscara_bounds_parser.py", "17", "0", "100%"
"scarajectory/core/service/settings/iscara_transmission_loader.py", "16", "0", "100%"
"scarajectory/core/service/settings/istream_config_loader.py", "16", "0", "100%"
"scarajectory/core/service/state/__init__.py", "9", "0", "100%"
"scarajectory/core/service/state/istream_state_controller.py", "16", "0", "100%"
"scarajectory/core/service/state/istream_state_machine.py", "18", "0", "100%"
"scarajectory/core/service/state/session_factory.py", "19", "1", "95%"
"scarajectory/core/service/storage/__init__.py", "9", "0", "100%"
"scarajectory/core/service/storage/iplan_loader.py", "16", "0", "100%"
"scarajectory/core/service/storage/iplan_storage_service.py", "14", "0", "100%"
"scarajectory/core/service/storage/iplan_storer.py", "17", "0", "100%"
"scarajectory/core/service/streaming/__init__.py", "9", "0", "100%"
"scarajectory/core/service/streaming/config_factory.py", "18", "0", "100%"
"scarajectory/core/service/streaming/ibinary_program_streamer.py", "14", "0", "100%"
"scarajectory/core/service/streaming/imotion_streamer.py", "14", "0", "100%"
"scarajectory/core/service/streaming/istream_control_transmitter.py", "17", "0", "100%"
"scarajectory/core/service/streaming/istream_dispatcher.py", "14", "0", "100%"
"scarajectory/core/service/streaming/istream_playback_controller.py", "18", "0", "100%"
"scarajectory/core/service/streaming/observer/__init__.py", "9", "0", "100%"
"scarajectory/core/service/streaming/observer/iobservable.py", "14", "0", "100%"
"scarajectory/core/service/streaming/observer/iobserver.py", "15", "0", "100%"
"scarajectory/core/service/streaming/observer/istream_observer_dispatcher.py", "16", "0", "100%"
"scarajectory/core/service/streaming/stream_pacing_config_factory.py", "23", "0", "100%"
"scarajectory/core/service/telemetry/__init__.py", "9", "0", "100%"
"scarajectory/core/service/telemetry/diagnostics_snapshot_factory.py", "18", "0", "100%"
"scarajectory/core/service/telemetry/fault_event_factory.py", "17", "0", "100%"
"scarajectory/core/service/telemetry/move_event_factory.py", "17", "0", "100%"
"scarajectory/core/service/tool/__init__.py", "9", "0", "100%"
"scarajectory/core/service/tool/ipurge_valve_actuator.py", "13", "0", "100%"
"scarajectory/core/service/tool/itool_controller.py", "15", "0", "100%"
"scarajectory/core/service/trajectory/__init__.py", "9", "0", "100%"
"scarajectory/core/service/trajectory/contract/__init__.py", "9", "0", "100%"
"scarajectory/core/service/trajectory/contract/iplan_command_service.py", "16", "0", "100%"
"scarajectory/core/service/trajectory/contract/iplan_persistence_service.py", "14", "0", "100%"
"scarajectory/core/service/trajectory/contract/iplan_validation_service.py", "13", "0", "100%"
"scarajectory/core/service/trajectory/history/__init__.py", "9", "0", "100%"
"scarajectory/core/service/trajectory/history/iplan_history.py", "17", "0", "100%"
"scarajectory/core/service/trajectory/history/iplan_history_saver.py", "15", "0", "100%"
"scarajectory/core/service/trajectory/history/plan_history.py", "38", "1", "97%"
"scarajectory/core/service/trajectory/history/plan_history_factory.py", "17", "1", "94%"
"scarajectory/core/service/trajectory/plan/__init__.py", "9", "0", "100%"
"scarajectory/core/service/trajectory/plan/history/__init__.py", "9", "0", "100%"
"scarajectory/core/service/trajectory/plan/history/plan_history_service.py", "40", "0", "100%"
"scarajectory/core/service/trajectory/plan/history/plan_history_service_factory.py", "21", "0", "100%"
"scarajectory/core/service/trajectory/plan/itrajectory_history.py", "14", "0", "100%"
"scarajectory/core/service/trajectory/plan/itrajectory_mutable.py", "21", "0", "100%"
"scarajectory/core/service/trajectory/plan/itrajectory_read_only.py", "18", "0", "100%"
"scarajectory/core/service/trajectory/plan/mutation/__init__.py", "9", "0", "100%"
"scarajectory/core/service/trajectory/plan/mutation/iplan_bulk_mutator.py", "16", "0", "100%"
"scarajectory/core/service/trajectory/plan/mutation/iplan_mutation_service.py", "14", "0", "100%"
"scarajectory/core/service/trajectory/plan/mutation/iplan_point_mutator.py", "17", "0", "100%"
"scarajectory/core/service/trajectory/plan/mutation/plan_mutation_service.py", "63", "0", "100%"
"scarajectory/core/service/trajectory/plan/mutation/plan_mutation_service_factory.py", "21", "0", "100%"
"scarajectory/core/service/trajectory/plan/observer/__init__.py", "9", "0", "100%"
"scarajectory/core/service/trajectory/plan/observer/iplan_observer_dispatcher.py", "18", "0", "100%"
"scarajectory/core/service/trajectory/plan/observer/itrajectory_observer.py", "14", "0", "100%"
"scarajectory/core/service/trajectory/plan/observer/plan_observer_dispatcher.py", "29", "0", "100%"
"scarajectory/core/service/trajectory/plan/observer/plan_observer_dispatcher_factory.py", "17", "1", "94%"
"scarajectory/core/service/trajectory/plan/selection/__init__.py", "9", "0", "100%"
"scarajectory/core/service/trajectory/plan/selection/iplan_selection_coordinator.py", "15", "0", "100%"
"scarajectory/core/service/trajectory/plan/selection/iplan_selection_manager.py", "14", "0", "100%"
"scarajectory/core/service/trajectory/plan/selection/iplan_selection_navigator.py", "16", "0", "100%"
"scarajectory/core/service/trajectory/plan/selection/iplan_selection_state.py", "17", "0", "100%"
"scarajectory/core/service/trajectory/plan/selection/plan_selection_coordinator.py", "27", "0", "100%"
"scarajectory/core/service/trajectory/plan/selection/plan_selection_coordinator_factory.py", "20", "0", "100%"
"scarajectory/core/service/trajectory/plan/selection/plan_selection_manager.py", "35", "1", "97%"
"scarajectory/core/service/trajectory/plan/selection/plan_selection_manager_factory.py", "26", "1", "96%"
"scarajectory/core/service/trajectory/plan/selection/plan_selection_navigator.py", "23", "0", "100%"
"scarajectory/core/service/trajectory/plan/selection/plan_selection_navigator_factory.py", "18", "0", "100%"
"scarajectory/core/service/trajectory/plan/selection/plan_selection_state.py", "28", "0", "100%"
"scarajectory/core/service/trajectory/plan/store/__init__.py", "9", "0", "100%"
"scarajectory/core/service/trajectory/plan/store/iwaypoint_bulk_mutator.py", "16", "0", "100%"
"scarajectory/core/service/trajectory/plan/store/iwaypoint_mutator.py", "17", "0", "100%"
"scarajectory/core/service/trajectory/plan/store/iwaypoint_query.py", "18", "0", "100%"
"scarajectory/core/service/trajectory/plan/store/iwaypoint_store.py", "15", "0", "100%"
"scarajectory/core/service/trajectory/plan/store/waypoint_bulk_mutator.py", "21", "0", "100%"
"scarajectory/core/service/trajectory/plan/store/waypoint_mutator.py", "29", "0", "100%"
"scarajectory/core/service/trajectory/plan/store/waypoint_query.py", "22", "0", "100%"
"scarajectory/core/service/trajectory/plan/store/waypoint_store.py", "41", "0", "100%"
"scarajectory/core/service/trajectory/plan/store/waypoint_store_factory.py", "27", "1", "96%"
"scarajectory/core/service/transmission/__init__.py", "9", "0", "100%"
"scarajectory/core/service/transmission/itransmission_step_calculator.py", "15", "0", "100%"
"scarajectory/core/service/worker/__init__.py", "9", "0", "100%"
"scarajectory/core/service/worker/ibyte_sender.py", "13", "0", "100%"
"scarajectory/core/service/worker/icommand_formatter.py", "14", "0", "100%"
"scarajectory/core/service/worker/icommand_sender.py", "13", "0", "100%"
"scarajectory/core/service/worker/iexecution_service.py", "16", "0", "100%"
"scarajectory/core/service/worker/iexecution_worker.py", "18", "0", "100%"
"scarajectory/core/service/worker/istream_bytes_receiver.py", "14", "0", "100%"
"scarajectory/core/service/worker/istream_line_receiver.py", "14", "0", "100%"
"scarajectory/core/service/worker/istream_loop_runner.py", "16", "0", "100%"
"scarajectory/engine.py", "58", "2", "97%"
"scarajectory/infrastructure/__init__.py", "9", "0", "100%"
"scarajectory/infrastructure/barrier/__init__.py", "9", "0", "100%"
"scarajectory/infrastructure/barrier/flow_barrier.py", "23", "0", "100%"
"scarajectory/infrastructure/barrier/flow_barrier_factory.py", "17", "0", "100%"
"scarajectory/infrastructure/classifier/__init__.py", "9", "0", "100%"
"scarajectory/infrastructure/classifier/iresponse_classification_rule.py", "15", "0", "100%"
"scarajectory/infrastructure/classifier/response_classification_registry.py", "23", "0", "100%"
"scarajectory/infrastructure/classifier/response_classification_registry_factory.py", "22", "0", "100%"
"scarajectory/infrastructure/classifier/response_classification_rule.py", "28", "0", "100%"
"scarajectory/infrastructure/classifier/response_parser.py", "32", "0", "100%"
"scarajectory/infrastructure/classifier/response_parser_factory.py", "23", "0", "100%"
"scarajectory/infrastructure/classifier/status/__init__.py", "9", "0", "100%"
"scarajectory/infrastructure/classifier/status/flow_status_classifier.py", "24", "0", "100%"
"scarajectory/infrastructure/classifier/status/flow_status_classifier_factory.py", "22", "0", "100%"
"scarajectory/infrastructure/classifier/status/homing_status_classifier.py", "17", "0", "100%"
"scarajectory/infrastructure/classifier/status/homing_status_classifier_factory.py", "17", "0", "100%"
"scarajectory/infrastructure/classifier/status/motion_status_classifier.py", "28", "0", "100%"
"scarajectory/infrastructure/classifier/status/motion_status_classifier_factory.py", "22", "0", "100%"
"scarajectory/infrastructure/cli/__init__.py", "9", "0", "100%"
"scarajectory/infrastructure/cli/engine.py", "41", "0", "100%"
"scarajectory/infrastructure/cli/icli.py", "15", "0", "100%"
"scarajectory/infrastructure/cli/setup/__init__.py", "9", "0", "100%"
"scarajectory/infrastructure/cli/setup/bundle.py", "22", "1", "95%"
"scarajectory/infrastructure/cli/setup/dep_validator.py", "36", "5", "86%"
"scarajectory/infrastructure/cli/setup/dependencies.py", "18", "0", "100%"
"scarajectory/infrastructure/cli/setup/factory.py", "37", "1", "97%"
"scarajectory/infrastructure/cli/setup/keys.py", "28", "0", "100%"
"scarajectory/infrastructure/cli/setup/opt_validator.py", "36", "5", "86%"
"scarajectory/infrastructure/cli/setup/options.py", "17", "0", "100%"
"scarajectory/infrastructure/cli/setup/registry.py", "24", "1", "96%"
"scarajectory/infrastructure/cli/setup/validator.py", "43", "5", "88%"
"scarajectory/infrastructure/command/__init__.py", "9", "0", "100%"
"scarajectory/infrastructure/command/command_bundle.py", "16", "0", "100%"
"scarajectory/infrastructure/command/icommand_definition.py", "14", "0", "100%"
"scarajectory/infrastructure/command/icommand_executor.py", "14", "0", "100%"
"scarajectory/infrastructure/command/studio_command_definition.py", "24", "0", "100%"
"scarajectory/infrastructure/command/studio_command_executor.py", "37", "0", "100%"
"scarajectory/infrastructure/connection/__init__.py", "9", "0", "100%"
"scarajectory/infrastructure/connection/channel_dispatcher.py", "46", "0", "100%"
"scarajectory/infrastructure/connection/channel_dispatcher_factory.py", "20", "0", "100%"
"scarajectory/infrastructure/connection/istream_raw_transceiver.py", "16", "0", "100%"
"scarajectory/infrastructure/connection/stream_connection_manager.py", "30", "0", "100%"
"scarajectory/infrastructure/connection/stream_connection_manager_factory.py", "19", "0", "100%"
"scarajectory/infrastructure/connection/stream_raw_transceiver.py", "28", "0", "100%"
"scarajectory/infrastructure/connection/stream_raw_transceiver_factory.py", "19", "0", "100%"
"scarajectory/infrastructure/event/__init__.py", "9", "0", "100%"
"scarajectory/infrastructure/event/binary_frame_dispatcher.py", "28", "0", "100%"
"scarajectory/infrastructure/event/binary_frame_dispatcher_factory.py", "17", "0", "100%"
"scarajectory/infrastructure/formatter/__init__.py", "9", "0", "100%"
"scarajectory/infrastructure/formatter/command/__init__.py", "9", "0", "100%"
"scarajectory/infrastructure/formatter/command/config_command_formatter.py", "22", "0", "100%"
"scarajectory/infrastructure/formatter/command/jog_command_formatter.py", "15", "0", "100%"
"scarajectory/infrastructure/formatter/command/motion_command_formatter.py", "38", "0", "100%"
"scarajectory/infrastructure/formatter/command/query_command_formatter.py", "21", "0", "100%"
"scarajectory/infrastructure/formatter/command/system_command_formatter.py", "29", "0", "100%"
"scarajectory/infrastructure/formatter/command/tool_command_formatter.py", "25", "0", "100%"
"scarajectory/infrastructure/formatter/command_formatter.py", "20", "0", "100%"
"scarajectory/infrastructure/formatter/command_formatter_factory.py", "17", "1", "94%"
"scarajectory/infrastructure/formatter/command_templates.py", "46", "2", "96%"
"scarajectory/infrastructure/gui/__init__.py", "9", "0", "100%"
"scarajectory/infrastructure/gui/canvas/__init__.py", "9", "0", "100%"
"scarajectory/infrastructure/gui/canvas/bundle.py", "24", "0", "100%"
"scarajectory/infrastructure/gui/canvas/canvas_event_binder.py", "59", "0", "100%"
"scarajectory/infrastructure/gui/canvas/canvas_event_binder_factory.py", "21", "0", "100%"
"scarajectory/infrastructure/gui/canvas/handler/__init__.py", "9", "0", "100%"
"scarajectory/infrastructure/gui/canvas/handler/canvas_drag_handler.py", "40", "0", "100%"
"scarajectory/infrastructure/gui/canvas/handler/canvas_event_context.py", "18", "0", "100%"
"scarajectory/infrastructure/gui/canvas/handler/canvas_mouse_handler.py", "73", "0", "100%"
"scarajectory/infrastructure/gui/canvas/handler/canvas_mouse_handler_factory.py", "36", "0", "100%"
"scarajectory/infrastructure/gui/canvas/handler/canvas_shape_handler.py", "55", "0", "100%"
"scarajectory/infrastructure/gui/canvas/handler/canvas_tool_handler.py", "45", "0", "100%"
"scarajectory/infrastructure/gui/canvas/handler/icanvas_mouse_handler.py", "18", "0", "100%"
"scarajectory/infrastructure/gui/canvas/handler/mouse_handler_bundle.py", "24", "0", "100%"
"scarajectory/infrastructure/gui/canvas/handler/mouse_handler_init_bundle.py", "22", "0", "100%"
"scarajectory/infrastructure/gui/canvas/handler/pan/__init__.py", "9", "0", "100%"
"scarajectory/infrastructure/gui/canvas/handler/pan/canvas_viewport_pan_handler.py", "41", "0", "100%"
"scarajectory/infrastructure/gui/canvas/handler/pan/canvas_viewport_pan_handler_factory.py", "19", "1", "95%"
"scarajectory/infrastructure/gui/canvas/handler/pan/icanvas_viewport_pan_handler.py", "17", "0", "100%"
"scarajectory/infrastructure/gui/canvas/handler/selection/__init__.py", "9", "0", "100%"
"scarajectory/infrastructure/gui/canvas/handler/selection/canvas_selection_mouse_handler.py", "49", "0", "100%"
"scarajectory/infrastructure/gui/canvas/handler/selection/canvas_selection_mouse_handler_factory.py", "22", "1", "95%"
"scarajectory/infrastructure/gui/canvas/handler/selection/icanvas_selection_mouse_handler.py", "16", "0", "100%"
"scarajectory/infrastructure/gui/canvas/icanvas.py", "16", "0", "100%"
"scarajectory/infrastructure/gui/canvas/navigation/__init__.py", "9", "0", "100%"
"scarajectory/infrastructure/gui/canvas/navigation/canvas_view_navigator.py", "34", "0", "100%"
"scarajectory/infrastructure/gui/canvas/navigation/canvas_view_navigator_factory.py", "20", "0", "100%"
"scarajectory/infrastructure/gui/canvas/navigation/icanvas_view_navigator.py", "16", "0", "100%"
"scarajectory/infrastructure/gui/canvas/navigation/icanvas_view_target.py", "14", "0", "100%"
"scarajectory/infrastructure/gui/canvas/observer/__init__.py", "9", "0", "100%"
"scarajectory/infrastructure/gui/canvas/observer/canvas_plan_observer_bridge.py", "20", "0", "100%"
"scarajectory/infrastructure/gui/canvas/observer/canvas_plan_observer_bridge_factory.py", "18", "0", "100%"
"scarajectory/infrastructure/gui/canvas/observer/icanvas_plan_observer_bridge.py", "14", "0", "100%"
"scarajectory/infrastructure/gui/canvas/render/__init__.py", "9", "0", "100%"
"scarajectory/infrastructure/gui/canvas/render/forbidden_zone_renderer.py", "56", "0", "100%"
"scarajectory/infrastructure/gui/canvas/render/ilayer_renderer.py", "17", "0", "100%"
"scarajectory/infrastructure/gui/canvas/render/polar_grid_renderer.py", "36", "0", "100%"
"scarajectory/infrastructure/gui/canvas/render/preview_renderer.py", "31", "1", "97%"
"scarajectory/infrastructure/gui/canvas/render/reach_boundary_renderer.py", "31", "0", "100%"
"scarajectory/infrastructure/gui/canvas/render/renderer.py", "34", "0", "100%"
"scarajectory/infrastructure/gui/canvas/render/trajectory_renderer.py", "32", "0", "100%"
"scarajectory/infrastructure/gui/canvas/render/waypoint_node_renderer.py", "25", "0", "100%"
"scarajectory/infrastructure/gui/canvas/render/waypoint_node_renderer_factory.py", "17", "1", "94%"
"scarajectory/infrastructure/gui/canvas/status/__init__.py", "9", "0", "100%"
"scarajectory/infrastructure/gui/canvas/status/canvas_status_presenter.py", "21", "0", "100%"
"scarajectory/infrastructure/gui/canvas/status/canvas_status_presenter_factory.py", "17", "0", "100%"
"scarajectory/infrastructure/gui/canvas/status/icanvas_status_presenter.py", "16", "0", "100%"
"scarajectory/infrastructure/gui/canvas/trajectory_canvas.py", "68", "4", "94%"
"scarajectory/infrastructure/gui/canvas/trajectory_canvas_factory.py", "44", "0", "100%"
"scarajectory/infrastructure/gui/connection/__init__.py", "9", "0", "100%"
"scarajectory/infrastructure/gui/connection/iport_connection_delegate.py", "13", "0", "100%"
"scarajectory/infrastructure/gui/connection/null_port_connection_delegate.py", "11", "0", "100%"
"scarajectory/infrastructure/gui/connection/port_connection_panel.py", "76", "2", "97%"
"scarajectory/infrastructure/gui/console/__init__.py", "9", "0", "100%"
"scarajectory/infrastructure/gui/console/serial_console.py", "39", "0", "100%"
"scarajectory/infrastructure/gui/console/serial_console_builder.py", "30", "1", "97%"
"scarajectory/infrastructure/gui/console/serial_console_builder_factory.py", "17", "1", "94%"
"scarajectory/infrastructure/gui/controls/__init__.py", "9", "0", "100%"
"scarajectory/infrastructure/gui/controls/bundle.py", "29", "0", "100%"
"scarajectory/infrastructure/gui/controls/controls_panel.py", "52", "0", "100%"
"scarajectory/infrastructure/gui/controls/controls_panel_factory.py", "29", "0", "100%"
"scarajectory/infrastructure/gui/controls/icontrols_panel.py", "16", "0", "100%"
"scarajectory/infrastructure/gui/controls/itabs_assembler.py", "17", "0", "100%"
"scarajectory/infrastructure/gui/controls/manipulator_controllers_bundle.py", "20", "0", "100%"
"scarajectory/infrastructure/gui/controls/manipulator_controllers_factory.py", "34", "0", "100%"
"scarajectory/infrastructure/gui/controls/tabs_assembler.py", "43", "0", "100%"
"scarajectory/infrastructure/gui/controls/tabs_assembler_factory.py", "17", "0", "100%"
"scarajectory/infrastructure/gui/controls/tabs_bundle.py", "22", "0", "100%"
"scarajectory/infrastructure/gui/dsl/__init__.py", "9", "0", "100%"
"scarajectory/infrastructure/gui/dsl/bundle.py", "20", "0", "100%"
"scarajectory/infrastructure/gui/dsl/code_editor.py", "36", "3", "92%"
"scarajectory/infrastructure/gui/dsl/code_editor_factory.py", "24", "1", "96%"
"scarajectory/infrastructure/gui/dsl/console_view.py", "27", "3", "89%"
"scarajectory/infrastructure/gui/dsl/document/__init__.py", "9", "0", "100%"
"scarajectory/infrastructure/gui/dsl/document/document_manager.py", "42", "0", "100%"
"scarajectory/infrastructure/gui/dsl/document/document_manager_factory.py", "22", "1", "95%"
"scarajectory/infrastructure/gui/dsl/document/example_catalog.py", "35", "4", "89%"
"scarajectory/infrastructure/gui/dsl/document/example_catalog_factory.py", "23", "1", "96%"
"scarajectory/infrastructure/gui/dsl/dsl_editor_tab.py", "57", "0", "100%"
"scarajectory/infrastructure/gui/dsl/dsl_editor_tab_factory.py", "52", "0", "100%"
"scarajectory/infrastructure/gui/dsl/handler/__init__.py", "9", "0", "100%"
"scarajectory/infrastructure/gui/dsl/handler/execution_handler.py", "61", "0", "100%"
"scarajectory/infrastructure/gui/dsl/handler/execution_handler_bundle.py", "24", "0", "100%"
"scarajectory/infrastructure/gui/dsl/handler/execution_handler_factory.py", "18", "1", "94%"
"scarajectory/infrastructure/gui/dsl/handler/file_handler.py", "47", "0", "100%"
"scarajectory/infrastructure/gui/dsl/handler/file_handler_bundle.py", "22", "0", "100%"
"scarajectory/infrastructure/gui/dsl/handler/file_handler_factory.py", "18", "1", "94%"
"scarajectory/infrastructure/gui/dsl/handler/iexecution_delegate.py", "16", "0", "100%"
"scarajectory/infrastructure/gui/dsl/handler/ifile_delegate.py", "15", "0", "100%"
"scarajectory/infrastructure/gui/dsl/syntax/__init__.py", "9", "0", "100%"
"scarajectory/infrastructure/gui/dsl/syntax/highlighter.py", "29", "0", "100%"
"scarajectory/infrastructure/gui/dsl/syntax/highlighter_factory.py", "24", "0", "100%"
"scarajectory/infrastructure/gui/dsl/syntax/ihighlighter.py", "15", "0", "100%"
"scarajectory/infrastructure/gui/dsl/syntax/itag_applier.py", "17", "0", "100%"
"scarajectory/infrastructure/gui/dsl/syntax/itokenizer.py", "15", "0", "100%"
"scarajectory/infrastructure/gui/dsl/syntax/tag_applier.py", "24", "0", "100%"
"scarajectory/infrastructure/gui/dsl/syntax/tag_applier_factory.py", "17", "1", "94%"
"scarajectory/infrastructure/gui/dsl/syntax/token.py", "15", "0", "100%"
"scarajectory/infrastructure/gui/dsl/syntax/tokenizer.py", "42", "0", "100%"
"scarajectory/infrastructure/gui/dsl/syntax/tokenizer_factory.py", "17", "0", "100%"
"scarajectory/infrastructure/gui/dsl/toolbar.py", "50", "2", "96%"
"scarajectory/infrastructure/gui/editor/__init__.py", "9", "0", "100%"
"scarajectory/infrastructure/gui/editor/table/__init__.py", "9", "0", "100%"
"scarajectory/infrastructure/gui/editor/table/bundle.py", "20", "0", "100%"
"scarajectory/infrastructure/gui/editor/table/itable.py", "14", "0", "100%"
"scarajectory/infrastructure/gui/editor/table/selection_handler.py", "28", "3", "89%"
"scarajectory/infrastructure/gui/editor/table/selection_handler_factory.py", "17", "1", "94%"
"scarajectory/infrastructure/gui/editor/table/trajectory_table.py", "87", "2", "98%"
"scarajectory/infrastructure/gui/editor/waypoint_coordinate_inputs.py", "17", "0", "100%"
"scarajectory/infrastructure/gui/editor/waypoint_edit_applier.py", "30", "1", "97%"
"scarajectory/infrastructure/gui/editor/waypoint_edit_applier_factory.py", "17", "0", "100%"
"scarajectory/infrastructure/gui/editor/waypoint_editor.py", "68", "0", "100%"
"scarajectory/infrastructure/gui/emulator/__init__.py", "9", "0", "100%"
"scarajectory/infrastructure/gui/emulator/emulator_launcher.py", "40", "0", "100%"
"scarajectory/infrastructure/gui/emulator/emulator_launcher_factory.py", "17", "0", "100%"
"scarajectory/infrastructure/gui/emulator/iemulator_launcher.py", "13", "0", "100%"
"scarajectory/infrastructure/gui/igui.py", "17", "0", "100%"
"scarajectory/infrastructure/gui/layout/__init__.py", "9", "0", "100%"
"scarajectory/infrastructure/gui/layout/canvas_pane_builder.py", "30", "0", "100%"
"scarajectory/infrastructure/gui/layout/canvas_pane_builder_factory.py", "18", "0", "100%"
"scarajectory/infrastructure/gui/layout/editor_pane_builder.py", "38", "0", "100%"
"scarajectory/infrastructure/gui/layout/editor_pane_builder_factory.py", "18", "0", "100%"
"scarajectory/infrastructure/gui/layout/icanvas_pane_builder.py", "18", "0", "100%"
"scarajectory/infrastructure/gui/layout/ieditor_pane_builder.py", "18", "0", "100%"
"scarajectory/infrastructure/gui/layout/itoolbar_layout_builder.py", "19", "0", "100%"
"scarajectory/infrastructure/gui/layout/main_content_builder.py", "39", "0", "100%"
"scarajectory/infrastructure/gui/layout/main_content_builder_factory.py", "26", "0", "100%"
"scarajectory/infrastructure/gui/layout/toolbar_layout_builder.py", "33", "0", "100%"
"scarajectory/infrastructure/gui/layout/toolbar_layout_builder_factory.py", "18", "0", "100%"
"scarajectory/infrastructure/gui/manipulator/__init__.py", "9", "0", "100%"
"scarajectory/infrastructure/gui/manipulator/imanipulator_action_delegate.py", "16", "0", "100%"
"scarajectory/infrastructure/gui/manipulator/jog/__init__.py", "9", "0", "100%"
"scarajectory/infrastructure/gui/manipulator/jog/axis_grid_panel.py", "46", "0", "100%"
"scarajectory/infrastructure/gui/manipulator/jog/axis_grid_panel_factory.py", "20", "0", "100%"
"scarajectory/infrastructure/gui/manipulator/jog/controllers_bundle.py", "22", "0", "100%"
"scarajectory/infrastructure/gui/manipulator/jog/jog_tab.py", "51", "0", "100%"
"scarajectory/infrastructure/gui/manipulator/jog/jog_tab_factory.py", "35", "0", "100%"
"scarajectory/infrastructure/gui/manipulator/jog/panel_bundle.py", "20", "0", "100%"
"scarajectory/infrastructure/gui/manipulator/jog/power_panel.py", "27", "0", "100%"
"scarajectory/infrastructure/gui/manipulator/jog/power_panel_factory.py", "19", "0", "100%"
"scarajectory/infrastructure/gui/manipulator/jog/raw_command_panel.py", "36", "0", "100%"
"scarajectory/infrastructure/gui/manipulator/jog/raw_command_panel_factory.py", "19", "0", "100%"
"scarajectory/infrastructure/gui/manipulator/jog/tool_panel.py", "26", "0", "100%"
"scarajectory/infrastructure/gui/manipulator/jog/tool_panel_factory.py", "19", "0", "100%"
"scarajectory/infrastructure/gui/manipulator/manipulator_override_panel.py", "60", "0", "100%"
"scarajectory/infrastructure/gui/manipulator/null_manipulator_action_delegate.py", "14", "0", "100%"
"scarajectory/infrastructure/gui/menu/__init__.py", "9", "0", "100%"
"scarajectory/infrastructure/gui/menu/app_menu_bar.py", "77", "0", "100%"
"scarajectory/infrastructure/gui/menu/app_menu_bar_factory.py", "26", "1", "96%"
"scarajectory/infrastructure/gui/menu/builders_bundle.py", "16", "0", "100%"
"scarajectory/infrastructure/gui/menu/bundle.py", "26", "0", "100%"
"scarajectory/infrastructure/gui/menu/iapp_menu_bar.py", "16", "0", "100%"
"scarajectory/infrastructure/gui/menu/menu_hotkey_binder.py", "23", "0", "100%"
"scarajectory/infrastructure/gui/menu/menu_hotkey_binder_factory.py", "17", "1", "94%"
"scarajectory/infrastructure/gui/menu/menu_layout_builder.py", "40", "0", "100%"
"scarajectory/infrastructure/gui/menu/menu_layout_builder_factory.py", "17", "1", "94%"
"scarajectory/infrastructure/gui/model/__init__.py", "9", "0", "100%"
"scarajectory/infrastructure/gui/model/canvas_interaction_state.py", "26", "0", "100%"
"scarajectory/infrastructure/gui/model/canvas_settings.py", "15", "0", "100%"
"scarajectory/infrastructure/gui/model/canvas_tool_mode.py", "17", "0", "100%"
"scarajectory/infrastructure/gui/model/viewport_transform.py", "47", "0", "100%"
"scarajectory/infrastructure/gui/preview/__init__.py", "9", "0", "100%"
"scarajectory/infrastructure/gui/preview/preview_tab.py", "33", "0", "100%"
"scarajectory/infrastructure/gui/preview/preview_tab_factory.py", "21", "0", "100%"
"scarajectory/infrastructure/gui/scarajectory_gui.py", "65", "2", "97%"
"scarajectory/infrastructure/gui/scarajectory_gui_bundle.py", "27", "0", "100%"
"scarajectory/infrastructure/gui/scarajectory_gui_factory.py", "57", "0", "100%"
"scarajectory/infrastructure/gui/scarajectory_gui_init_bundle.py", "28", "0", "100%"
"scarajectory/infrastructure/gui/streaming/__init__.py", "9", "0", "100%"
"scarajectory/infrastructure/gui/streaming/bundle.py", "24", "0", "100%"
"scarajectory/infrastructure/gui/streaming/handler/__init__.py", "9", "0", "100%"
"scarajectory/infrastructure/gui/streaming/handler/playback_handler_bundle.py", "24", "0", "100%"
"scarajectory/infrastructure/gui/streaming/handler/stream_playback_action_handler.py", "61", "0", "100%"
"scarajectory/infrastructure/gui/streaming/handler/stream_playback_action_handler_factory.py", "18", "0", "100%"
"scarajectory/infrastructure/gui/streaming/handler/stream_tool_action_handler.py", "52", "0", "100%"
"scarajectory/infrastructure/gui/streaming/handler/stream_tool_action_handler_factory.py", "20", "0", "100%"
"scarajectory/infrastructure/gui/streaming/observer/__init__.py", "9", "0", "100%"
"scarajectory/infrastructure/gui/streaming/observer/gui_stream_observer_bridge.py", "23", "0", "100%"
"scarajectory/infrastructure/gui/streaming/observer/gui_stream_observer_bridge_factory.py", "19", "0", "100%"
"scarajectory/infrastructure/gui/streaming/observer/igui_stream_observer_bridge.py", "15", "0", "100%"
"scarajectory/infrastructure/gui/streaming/panel/__init__.py", "9", "0", "100%"
"scarajectory/infrastructure/gui/streaming/panel/istream_control_delegate.py", "15", "0", "100%"
"scarajectory/infrastructure/gui/streaming/panel/stream_control_panel.py", "21", "0", "100%"
"scarajectory/infrastructure/gui/streaming/panel/stream_progress_adapter.py", "35", "0", "100%"
"scarajectory/infrastructure/gui/streaming/panel/stream_status_bar.py", "30", "0", "100%"
"scarajectory/infrastructure/gui/streaming/streamer_action_bundle.py", "16", "0", "100%"
"scarajectory/infrastructure/gui/streaming/streamer_controllers_bundle.py", "18", "0", "100%"
"scarajectory/infrastructure/gui/streaming/streamer_tab.py", "70", "0", "100%"
"scarajectory/infrastructure/gui/streaming/streamer_tab_factory.py", "31", "0", "100%"
"scarajectory/infrastructure/gui/theme/__init__.py", "9", "0", "100%"
"scarajectory/infrastructure/gui/theme/theme_button_styler.py", "23", "0", "100%"
"scarajectory/infrastructure/gui/theme/theme_button_styler_factory.py", "17", "1", "94%"
"scarajectory/infrastructure/gui/theme/theme_manager.py", "43", "0", "100%"
"scarajectory/infrastructure/gui/theme/theme_notebook_styler.py", "16", "0", "100%"
"scarajectory/infrastructure/gui/theme/theme_notebook_styler_factory.py", "17", "1", "94%"
"scarajectory/infrastructure/gui/toolbar/__init__.py", "9", "0", "100%"
"scarajectory/infrastructure/gui/toolbar/bundle.py", "24", "0", "100%"
"scarajectory/infrastructure/gui/toolbar/itoolbar.py", "15", "0", "100%"
"scarajectory/infrastructure/gui/toolbar/navigation_controls.py", "32", "0", "100%"
"scarajectory/infrastructure/gui/toolbar/navigation_controls_factory.py", "20", "0", "100%"
"scarajectory/infrastructure/gui/toolbar/parameter_inputs.py", "56", "1", "98%"
"scarajectory/infrastructure/gui/toolbar/parameter_inputs_bundle.py", "20", "0", "100%"
"scarajectory/infrastructure/gui/toolbar/parameter_inputs_factory.py", "19", "0", "100%"
"scarajectory/infrastructure/gui/toolbar/tool_selector.py", "33", "0", "100%"
"scarajectory/infrastructure/gui/toolbar/tool_selector_factory.py", "19", "0", "100%"
"scarajectory/infrastructure/gui/toolbar/toolbar.py", "33", "0", "100%"
"scarajectory/infrastructure/gui/toolbar/toolbar_factory.py", "29", "0", "100%"
"scarajectory/infrastructure/gui/validation/__init__.py", "9", "0", "100%"
"scarajectory/infrastructure/gui/validation/validation_tab.py", "35", "0", "100%"
"scarajectory/infrastructure/gui/validation/validation_tab_factory.py", "20", "0", "100%"
"scarajectory/infrastructure/manipulator/__init__.py", "9", "0", "100%"
"scarajectory/infrastructure/manipulator/jog_controller.py", "41", "1", "98%"
"scarajectory/infrastructure/manipulator/jog_controller_factory.py", "23", "1", "96%"
"scarajectory/infrastructure/manipulator/motion_controller.py", "46", "0", "100%"
"scarajectory/infrastructure/manipulator/motion_controller_factory.py", "23", "1", "96%"
"scarajectory/infrastructure/manipulator/query_controller.py", "36", "1", "97%"
"scarajectory/infrastructure/manipulator/query_controller_factory.py", "23", "1", "96%"
"scarajectory/infrastructure/pacing/__init__.py", "9", "0", "100%"
"scarajectory/infrastructure/pacing/bundle.py", "16", "0", "100%"
"scarajectory/infrastructure/pacing/flow_barrier_coordinator.py", "23", "0", "100%"
"scarajectory/infrastructure/pacing/flow_barrier_coordinator_factory.py", "18", "0", "100%"
"scarajectory/infrastructure/pacing/flow_pacing_bundle_factory.py", "26", "0", "100%"
"scarajectory/infrastructure/pacing/flow_pacing_controller.py", "77", "0", "100%"
"scarajectory/infrastructure/pacing/flow_pacing_controller_factory.py", "30", "0", "100%"
"scarajectory/infrastructure/packet/__init__.py", "9", "0", "100%"
"scarajectory/infrastructure/packet/binary_packet_strategy.py", "45", "0", "100%"
"scarajectory/infrastructure/packet/binary_packet_strategy_factory.py", "28", "0", "100%"
"scarajectory/infrastructure/preferences/__init__.py", "9", "0", "100%"
"scarajectory/infrastructure/preferences/connection_repository.py", "57", "0", "100%"
"scarajectory/infrastructure/preferences/connection_repository_factory.py", "22", "0", "100%"
"scarajectory/infrastructure/settings/__init__.py", "9", "0", "100%"
"scarajectory/infrastructure/settings/bounds/__init__.py", "9", "0", "100%"
"scarajectory/infrastructure/settings/bounds/scara_bounds_loader.py", "35", "1", "97%"
"scarajectory/infrastructure/settings/bounds/scara_bounds_loader_factory.py", "29", "0", "100%"
"scarajectory/infrastructure/settings/bounds/scara_bounds_parser.py", "19", "0", "100%"
"scarajectory/infrastructure/settings/bounds/scara_bounds_parser_factory.py", "18", "0", "100%"
"scarajectory/infrastructure/settings/isettings_reader.py", "14", "0", "100%"
"scarajectory/infrastructure/settings/settings_reader.py", "46", "1", "98%"
"scarajectory/infrastructure/settings/settings_reader_factory.py", "25", "0", "100%"
"scarajectory/infrastructure/settings/stream/__init__.py", "9", "0", "100%"
"scarajectory/infrastructure/settings/stream/stream_config_loader.py", "27", "0", "100%"
"scarajectory/infrastructure/settings/stream/stream_config_loader_factory.py", "22", "0", "100%"
"scarajectory/infrastructure/settings/transmission/__init__.py", "9", "0", "100%"
"scarajectory/infrastructure/settings/transmission/scara_transmission_loader.py", "21", "0", "100%"
"scarajectory/infrastructure/settings/transmission/scara_transmission_loader_factory.py", "22", "0", "100%"
"scarajectory/infrastructure/state/__init__.py", "9", "0", "100%"
"scarajectory/infrastructure/state/stream_state_machine.py", "28", "0", "100%"
"scarajectory/infrastructure/state/stream_state_machine_factory.py", "18", "0", "100%"
"scarajectory/infrastructure/storage/__init__.py", "9", "0", "100%"
"scarajectory/infrastructure/storage/plan_loader.py", "37", "0", "100%"
"scarajectory/infrastructure/storage/plan_storage_service.py", "33", "0", "100%"
"scarajectory/infrastructure/storage/plan_storage_service_factory.py", "26", "0", "100%"
"scarajectory/infrastructure/storage/plan_storer.py", "40", "0", "100%"
"scarajectory/infrastructure/storage/trajectory_serializer.py", "39", "0", "100%"
"scarajectory/infrastructure/streaming/__init__.py", "9", "0", "100%"
"scarajectory/infrastructure/streaming/assembly/__init__.py", "9", "0", "100%"
"scarajectory/infrastructure/streaming/assembly/stream_pacing_assembler.py", "21", "0", "100%"
"scarajectory/infrastructure/streaming/assembly/stream_pipeline_assembler.py", "52", "1", "98%"
"scarajectory/infrastructure/streaming/assembly/stream_transport_assembler.py", "24", "0", "100%"
"scarajectory/infrastructure/streaming/assembly/stream_worker_assembler.py", "57", "0", "100%"
"scarajectory/infrastructure/streaming/assembly/worker_bundle.py", "20", "0", "100%"
"scarajectory/infrastructure/streaming/binary_program_streamer.py", "50", "0", "100%"
"scarajectory/infrastructure/streaming/binary_program_streamer_factory.py", "21", "0", "100%"
"scarajectory/infrastructure/streaming/bundle.py", "22", "0", "100%"
"scarajectory/infrastructure/streaming/observer/__init__.py", "9", "0", "100%"
"scarajectory/infrastructure/streaming/observer/istream_observer_registry.py", "17", "0", "100%"
"scarajectory/infrastructure/streaming/observer/istream_telemetry_notifier.py", "16", "0", "100%"
"scarajectory/infrastructure/streaming/observer/stream_observer_dispatcher.py", "35", "0", "100%"
"scarajectory/infrastructure/streaming/observer/stream_observer_dispatcher_factory.py", "29", "0", "100%"
"scarajectory/infrastructure/streaming/observer/stream_observer_registry.py", "24", "0", "100%"
"scarajectory/infrastructure/streaming/observer/stream_observer_registry_factory.py", "23", "0", "100%"
"scarajectory/infrastructure/streaming/observer/stream_telemetry_notifier.py", "33", "0", "100%"
"scarajectory/infrastructure/streaming/observer/stream_telemetry_notifier_factory.py", "18", "0", "100%"
"scarajectory/infrastructure/streaming/stream_control_transmitter.py", "42", "0", "100%"
"scarajectory/infrastructure/streaming/stream_control_transmitter_factory.py", "19", "0", "100%"
"scarajectory/infrastructure/streaming/stream_playback_controller.py", "78", "0", "100%"
"scarajectory/infrastructure/streaming/stream_playback_controller_factory.py", "25", "0", "100%"
"scarajectory/infrastructure/tool/__init__.py", "9", "0", "100%"
"scarajectory/infrastructure/tool/tool_controller.py", "50", "0", "100%"
"scarajectory/infrastructure/tool/tool_controller_factory.py", "24", "0", "100%"
"scarajectory/infrastructure/tool/valve_pulse_worker.py", "23", "0", "100%"
"scarajectory/infrastructure/tool/valve_pulse_worker_factory.py", "18", "0", "100%"
"scarajectory/infrastructure/transmission/__init__.py", "9", "0", "100%"
"scarajectory/infrastructure/transmission/transmission_step_calculator.py", "24", "0", "100%"
"scarajectory/infrastructure/transmission/transmission_step_calculator_factory.py", "18", "1", "94%"
"scarajectory/infrastructure/transport/__init__.py", "9", "0", "100%"
"scarajectory/infrastructure/transport/bundle.py", "16", "0", "100%"
"scarajectory/infrastructure/transport/driver/__init__.py", "9", "0", "100%"
"scarajectory/infrastructure/transport/driver/ichannel.py", "19", "0", "100%"
"scarajectory/infrastructure/transport/driver/serial_channel.py", "37", "0", "100%"
"scarajectory/infrastructure/transport/driver/serial_channel_factory.py", "17", "0", "100%"
"scarajectory/infrastructure/transport/driver/serial_port_scanner.py", "36", "0", "100%"
"scarajectory/infrastructure/transport/driver/tcp_channel.py", "66", "0", "100%"
"scarajectory/infrastructure/transport/driver/tcp_channel_factory.py", "17", "0", "100%"
"scarajectory/infrastructure/transport/istream_transport_connection.py", "18", "0", "100%"
"scarajectory/infrastructure/transport/istream_transport_transceiver.py", "16", "0", "100%"
"scarajectory/infrastructure/transport/listener/__init__.py", "9", "0", "100%"
"scarajectory/infrastructure/transport/listener/itransport_listener.py", "15", "0", "100%"
"scarajectory/infrastructure/transport/listener/itransport_listener_holder.py", "17", "0", "100%"
"scarajectory/infrastructure/transport/listener/null_transport_listener.py", "13", "0", "100%"
"scarajectory/infrastructure/transport/listener/stream_ascii_transport_listener.py", "23", "0", "100%"
"scarajectory/infrastructure/transport/listener/stream_ascii_transport_listener_factory.py", "19", "0", "100%"
"scarajectory/infrastructure/transport/listener/stream_binary_transport_listener.py", "23", "0", "100%"
"scarajectory/infrastructure/transport/listener/stream_binary_transport_listener_factory.py", "19", "0", "100%"
"scarajectory/infrastructure/transport/listener/transport_listener_holder.py", "22", "0", "100%"
"scarajectory/infrastructure/transport/stream_transport_connection.py", "61", "1", "98%"
"scarajectory/infrastructure/transport/stream_transport_connection_factory.py", "20", "0", "100%"
"scarajectory/infrastructure/transport/stream_transport_transceiver.py", "54", "0", "100%"
"scarajectory/infrastructure/transport/stream_transport_transceiver_factory.py", "20", "0", "100%"
"scarajectory/infrastructure/transport/transport_factory.py", "35", "1", "97%"
"scarajectory/infrastructure/transport/worker/__init__.py", "9", "0", "100%"
"scarajectory/infrastructure/transport/worker/itransport_reader_worker.py", "14", "0", "100%"
"scarajectory/infrastructure/transport/worker/transport_reader_worker.py", "54", "0", "100%"
"scarajectory/infrastructure/transport/worker/transport_reader_worker_factory.py", "20", "0", "100%"
"scarajectory/infrastructure/worker/__init__.py", "9", "0", "100%"
"scarajectory/infrastructure/worker/binary/__init__.py", "9", "0", "100%"
"scarajectory/infrastructure/worker/binary/binary_stream_execution_worker.py", "60", "0", "100%"
"scarajectory/infrastructure/worker/binary/binary_stream_execution_worker_factory.py", "31", "0", "100%"
"scarajectory/infrastructure/worker/binary/binary_stream_frame_handler.py", "55", "0", "100%"
"scarajectory/infrastructure/worker/binary/binary_stream_frame_handler_factory.py", "20", "0", "100%"
"scarajectory/infrastructure/worker/binary/binary_stream_loop_runner.py", "98", "2", "98%"
"scarajectory/infrastructure/worker/binary/binary_stream_loop_runner_factory.py", "32", "0", "100%"
"scarajectory/infrastructure/worker/binary/ibinary_stream_frame_handler.py", "16", "0", "100%"
"scarajectory/infrastructure/worker/binary/ibinary_stream_loop_runner.py", "18", "0", "100%"
"scarajectory/infrastructure/worker/istream_queue_drainer.py", "16", "0", "100%"
"scarajectory/infrastructure/worker/istream_step_dispatcher.py", "15", "0", "100%"
"scarajectory/infrastructure/worker/stream_execution_worker.py", "52", "0", "100%"
"scarajectory/infrastructure/worker/stream_execution_worker_factory.py", "30", "3", "90%"
"scarajectory/infrastructure/worker/stream_loop_runner.py", "57", "3", "95%"
"scarajectory/infrastructure/worker/stream_loop_runner_factory.py", "38", "1", "97%"
"scarajectory/infrastructure/worker/stream_queue_drainer.py", "40", "1", "98%"
"scarajectory/infrastructure/worker/stream_queue_drainer_factory.py", "20", "1", "95%"
"scarajectory/infrastructure/worker/stream_step_dispatcher.py", "49", "0", "100%"
"scarajectory/infrastructure/worker/stream_step_dispatcher_factory.py", "22", "1", "95%"
"scarajectory/setup/__init__.py", "9", "0", "100%"
"scarajectory/setup/assembly/__init__.py", "9", "0", "100%"
"scarajectory/setup/assembly/app_core_assembler.py", "33", "0", "100%"
"scarajectory/setup/assembly/app_core_bundle.py", "20", "0", "100%"
"scarajectory/setup/assembly/app_presentation_assembler.py", "40", "0", "100%"
"scarajectory/setup/assembly/app_runtime_assembler.py", "33", "0", "100%"
"scarajectory/setup/assembly/app_runtime_bundle.py", "24", "0", "100%"
"scarajectory/setup/bundle.py", "25", "1", "96%"
"scarajectory/setup/dep_validator.py", "36", "5", "86%"
"scarajectory/setup/dependencies.py", "21", "0", "100%"
"scarajectory/setup/factory.py", "72", "4", "94%"
"scarajectory/setup/keys.py", "37", "0", "100%"
"scarajectory/setup/opt_validator.py", "36", "5", "86%"
"scarajectory/setup/options.py", "20", "0", "100%"
"scarajectory/setup/pipeline/__init__.py", "9", "0", "100%"
"scarajectory/setup/pipeline/dsl_pipeline_builder.py", "29", "0", "100%"
"scarajectory/setup/pipeline/plan_pipeline_builder.py", "35", "0", "100%"
"scarajectory/setup/pipeline/plan_pipeline_bundle.py", "22", "0", "100%"
"scarajectory/setup/pipeline/stream_pipeline_builder.py", "58", "0", "100%"
"scarajectory/setup/pipeline/stream_pipeline_bundle.py", "22", "0", "100%"
"scarajectory/setup/registry.py", "34", "1", "97%"
"scarajectory/setup/validator.py", "53", "5", "91%"
"Total", "13316", "120", "99%"
